M,p,rho,T,A,
0.2000e-01,0.1000e+01,0.1000e+01,0.1000e+01,0.2894e+02,
0.4000e-01,0.1001e+01,0.1001e+01,0.1000e+01,0.1448e+02,
0.6000e-01,0.1003e+01,0.1002e+01,0.1001e+01,0.9666e+01,
0.8000e-01,0.1004e+01,0.1003e+01,0.1001e+01,0.7262e+01,
0.1000e+00,0.1007e+01,0.1005e+01,0.1002e+01,0.5822e+01,
0.1200e+00,0.1010e+01,0.1007e+01,0.1003e+01,0.4864e+01,
0.1400e+00,0.1014e+01,0.1010e+01,0.1004e+01,0.4182e+01,
0.1600e+00,0.1018e+01,0.1013e+01,0.1005e+01,0.3673e+01,
0.1800e+00,0.1023e+01,0.1016e+01,0.1006e+01,0.3278e+01,
0.2000e+00,0.1028e+01,0.1020e+01,0.1008e+01,0.2964e+01,
0.2200e+00,0.1034e+01,0.1024e+01,0.1010e+01,0.2708e+01,
0.2400e+00,0.1041e+01,0.1029e+01,0.1012e+01,0.2496e+01,
0.2600e+00,0.1048e+01,0.1034e+01,0.1014e+01,0.2317e+01,
0.2800e+00,0.1056e+01,0.1040e+01,0.1016e+01,0.2166e+01,
0.3000e+00,0.1064e+01,0.1046e+01,0.1018e+01,0.2035e+01,
0.3200e+00,0.1074e+01,0.1052e+01,0.1020e+01,0.1922e+01,
0.3400e+00,0.1083e+01,0.1059e+01,0.1023e+01,0.1823e+01,
0.3600e+00,0.1094e+01,0.1066e+01,0.1026e+01,0.1736e+01,
0.3800e+00,0.1105e+01,0.1074e+01,0.1029e+01,0.1659e+01,
0.4000e+00,0.1117e+01,0.1082e+01,0.1032e+01,0.1590e+01,
0.4200e+00,0.1129e+01,0.1091e+01,0.1035e+01,0.1529e+01,
0.4400e+00,0.1142e+01,0.1100e+01,0.1039e+01,0.1474e+01,
0.4600e+00,0.1156e+01,0.1109e+01,0.1042e+01,0.1425e+01,
0.4800e+00,0.1171e+01,0.1119e+01,0.1046e+01,0.1380e+01,
0.5000e+00,0.1186e+01,0.1130e+01,0.1050e+01,0.1340e+01,
0.5200e+00,0.1202e+01,0.1141e+01,0.1054e+01,0.1303e+01,
0.5400e+00,0.1219e+01,0.1152e+01,0.1058e+01,0.1270e+01,
0.5600e+00,0.1237e+01,0.1164e+01,0.1063e+01,0.1240e+01,
0.5800e+00,0.1256e+01,0.1177e+01,0.1067e+01,0.1213e+01,
0.6000e+00,0.1276e+01,0.1190e+01,0.1072e+01,0.1188e+01,
0.6200e+00,0.1296e+01,0.1203e+01,0.1077e+01,0.1166e+01,
0.6400e+00,0.1317e+01,0.1218e+01,0.1082e+01,0.1145e+01,
0.6600e+00,0.1340e+01,0.1232e+01,0.1087e+01,0.1127e+01,
0.6800e+00,0.1363e+01,0.1247e+01,0.1092e+01,0.1110e+01,
0.7000e+00,0.1387e+01,0.1263e+01,0.1098e+01,0.1094e+01,
0.7200e+00,0.1412e+01,0.1280e+01,0.1104e+01,0.1081e+01,
0.7400e+00,0.1439e+01,0.1297e+01,0.1110e+01,0.1068e+01,
0.7600e+00,0.1466e+01,0.1314e+01,0.1116e+01,0.1057e+01,
0.7800e+00,0.1495e+01,0.1333e+01,0.1122e+01,0.1047e+01,
0.8000e+00,0.1524e+01,0.1351e+01,0.1128e+01,0.1038e+01,
0.8200e+00,0.1555e+01,0.1371e+01,0.1134e+01,0.1030e+01,
0.8400e+00,0.1587e+01,0.1391e+01,0.1141e+01,0.1024e+01,
0.8600e+00,0.1621e+01,0.1412e+01,0.1148e+01,0.1018e+01,
0.8800e+00,0.1655e+01,0.1433e+01,0.1155e+01,0.1013e+01,
0.9000e+00,0.1691e+01,0.1456e+01,0.1162e+01,0.1009e+01,
0.9200e+00,0.1729e+01,0.1478e+01,0.1169e+01,0.1006e+01,
0.9400e+00,0.1767e+01,0.1502e+01,0.1177e+01,0.1003e+01,
0.9600e+00,0.1808e+01,0.1526e+01,0.1184e+01,0.1001e+01,
0.9800e+00,0.1850e+01,0.1552e+01,0.1192e+01,0.1000e+01,
0.1000e+01,0.1893e+01,0.1577e+01,0.1200e+01,0.1000e+01,
0.1020e+01,0.1938e+01,0.1604e+01,0.1208e+01,0.1000e+01,
0.1040e+01,0.1985e+01,0.1632e+01,0.1216e+01,0.1001e+01,
0.1060e+01,0.2033e+01,0.1660e+01,0.1225e+01,0.1003e+01,
0.1080e+01,0.2083e+01,0.1689e+01,0.1233e+01,0.1005e+01,
0.1100e+01,0.2135e+01,0.1719e+01,0.1242e+01,0.1008e+01,
0.1120e+01,0.2189e+01,0.1750e+01,0.1251e+01,0.1011e+01,
0.1140e+01,0.2245e+01,0.1782e+01,0.1260e+01,0.1015e+01,
0.1160e+01,0.2303e+01,0.1814e+01,0.1269e+01,0.1020e+01,
0.1180e+01,0.2363e+01,0.1848e+01,0.1278e+01,0.1025e+01,
0.1200e+01,0.2425e+01,0.1883e+01,0.1288e+01,0.1030e+01,
0.1220e+01,0.2489e+01,0.1918e+01,0.1298e+01,0.1037e+01,
0.1240e+01,0.2556e+01,0.1955e+01,0.1308e+01,0.1043e+01,
0.1260e+01,0.2625e+01,0.1992e+01,0.1318e+01,0.1050e+01,
0.1280e+01,0.2697e+01,0.2031e+01,0.1328e+01,0.1058e+01,
0.1300e+01,0.2771e+01,0.2071e+01,0.1338e+01,0.1066e+01,
0.1320e+01,0.2847e+01,0.2112e+01,0.1348e+01,0.1075e+01,
0.1340e+01,0.2927e+01,0.2153e+01,0.1359e+01,0.1084e+01,
0.1360e+01,0.3009e+01,0.2197e+01,0.1370e+01,0.1094e+01,
0.1380e+01,0.3094e+01,0.2241e+01,0.1381e+01,0.1104e+01,
0.1400e+01,0.3182e+01,0.2286e+01,0.1392e+01,0.1115e+01,
0.1420e+01,0.3273e+01,0.2333e+01,0.1403e+01,0.1126e+01,
0.1440e+01,0.3368e+01,0.2381e+01,0.1415e+01,0.1138e+01,
0.1460e+01,0.3465e+01,0.2430e+01,0.1426e+01,0.1150e+01,
0.1480e+01,0.3566e+01,0.2480e+01,0.1438e+01,0.1163e+01,
0.1500e+01,0.3671e+01,0.2532e+01,0.1450e+01,0.1176e+01,
0.1520e+01,0.3779e+01,0.2585e+01,0.1462e+01,0.1190e+01,
0.1540e+01,0.3891e+01,0.2639e+01,0.1474e+01,0.1204e+01,
0.1560e+01,0.4007e+01,0.2695e+01,0.1487e+01,0.1219e+01,
0.1580e+01,0.4127e+01,0.2752e+01,0.1499e+01,0.1234e+01,
0.1600e+01,0.4250e+01,0.2811e+01,0.1512e+01,0.1250e+01,
0.1620e+01,0.4378e+01,0.2871e+01,0.1525e+01,0.1267e+01,
0.1640e+01,0.4511e+01,0.2933e+01,0.1538e+01,0.1284e+01,
0.1660e+01,0.4648e+01,0.2996e+01,0.1551e+01,0.1301e+01,
0.1680e+01,0.4790e+01,0.3061e+01,0.1564e+01,0.1319e+01,
0.1700e+01,0.4936e+01,0.3128e+01,0.1578e+01,0.1338e+01,
0.1720e+01,0.5087e+01,0.3196e+01,0.1592e+01,0.1357e+01,
0.1740e+01,0.5244e+01,0.3266e+01,0.1606e+01,0.1376e+01,
0.1760e+01,0.5406e+01,0.3338e+01,0.1620e+01,0.1397e+01,
0.1780e+01,0.5573e+01,0.3411e+01,0.1634e+01,0.1418e+01,
0.1800e+01,0.5746e+01,0.3487e+01,0.1648e+01,0.1439e+01,
0.1820e+01,0.5924e+01,0.3564e+01,0.1662e+01,0.1461e+01,
0.1840e+01,0.6109e+01,0.3643e+01,0.1677e+01,0.1484e+01,
0.1860e+01,0.6300e+01,0.3723e+01,0.1692e+01,0.1507e+01,
0.1880e+01,0.6497e+01,0.3806e+01,0.1707e+01,0.1531e+01,
0.1900e+01,0.6701e+01,0.3891e+01,0.1722e+01,0.1555e+01,
0.1920e+01,0.6911e+01,0.3978e+01,0.1737e+01,0.1580e+01,
0.1940e+01,0.7128e+01,0.4067e+01,0.1753e+01,0.1606e+01,
0.1960e+01,0.7353e+01,0.4158e+01,0.1768e+01,0.1633e+01,
0.1980e+01,0.7585e+01,0.4251e+01,0.1784e+01,0.1660e+01,
0.2000e+01,0.7824e+01,0.4347e+01,0.1800e+01,0.1687e+01,
0.2050e+01,0.8458e+01,0.4596e+01,0.1840e+01,0.1760e+01,
0.2100e+01,0.9145e+01,0.4859e+01,0.1882e+01,0.1837e+01,
0.2150e+01,0.9888e+01,0.5138e+01,0.1924e+01,0.1919e+01,
0.2200e+01,0.1069e+02,0.5433e+01,0.1968e+01,0.2005e+01,
0.2250e+01,0.1156e+02,0.5746e+01,0.2012e+01,0.2096e+01,
0.2300e+01,0.1250e+02,0.6076e+01,0.2058e+01,0.2193e+01,
0.2350e+01,0.1352e+02,0.6425e+01,0.2104e+01,0.2295e+01,
0.2400e+01,0.1462e+02,0.6794e+01,0.2152e+01,0.2403e+01,
0.2450e+01,0.1581e+02,0.7183e+01,0.2200e+01,0.2517e+01,
0.2500e+01,0.1709e+02,0.7594e+01,0.2250e+01,0.2637e+01,
0.2550e+01,0.1847e+02,0.8027e+01,0.2300e+01,0.2763e+01,
0.2600e+01,0.1995e+02,0.8484e+01,0.2352e+01,0.2896e+01,
0.2650e+01,0.2156e+02,0.8965e+01,0.2404e+01,0.3036e+01,
0.2700e+01,0.2328e+02,0.9472e+01,0.2458e+01,0.3183e+01,
0.2750e+01,0.2514e+02,0.1001e+02,0.2512e+01,0.3338e+01,
0.2800e+01,0.2714e+02,0.1057e+02,0.2568e+01,0.3500e+01,
0.2850e+01,0.2929e+02,0.1116e+02,0.2624e+01,0.3671e+01,
0.2900e+01,0.3159e+02,0.1178e+02,0.2682e+01,0.3850e+01,
0.2950e+01,0.3407e+02,0.1243e+02,0.2740e+01,0.4038e+01,
0.3000e+01,0.3673e+02,0.1312e+02,0.2800e+01,0.4235e+01,
0.3050e+01,0.3959e+02,0.1384e+02,0.2860e+01,0.4441e+01,
0.3100e+01,0.4265e+02,0.1459e+02,0.2922e+01,0.4657e+01,
0.3150e+01,0.4593e+02,0.1539e+02,0.2984e+01,0.4884e+01,
0.3200e+01,0.4944e+02,0.1622e+02,0.3048e+01,0.5121e+01,
0.3250e+01,0.5320e+02,0.1709e+02,0.3112e+01,0.5369e+01,
0.3300e+01,0.5722e+02,0.1800e+02,0.3178e+01,0.5629e+01,
0.3350e+01,0.6152e+02,0.1896e+02,0.3244e+01,0.5900e+01,
0.3400e+01,0.6612e+02,0.1996e+02,0.3312e+01,0.6184e+01,
0.3450e+01,0.7103e+02,0.2101e+02,0.3380e+01,0.6480e+01,
0.3500e+01,0.7627e+02,0.2211e+02,0.3450e+01,0.6790e+01,
0.3550e+01,0.8187e+02,0.2325e+02,0.3520e+01,0.7113e+01,
0.3600e+01,0.8784e+02,0.2445e+02,0.3592e+01,0.7450e+01,
0.3650e+01,0.9420e+02,0.2571e+02,0.3664e+01,0.7802e+01,
0.3700e+01,0.1010e+03,0.2701e+02,0.3738e+01,0.8169e+01,
0.3750e+01,0.1082e+03,0.2838e+02,0.3812e+01,0.8552e+01,
0.3800e+01,0.1159e+03,0.2981e+02,0.3888e+01,0.8951e+01,
0.3850e+01,0.1241e+03,0.3129e+02,0.3964e+01,0.9366e+01,
0.3900e+01,0.1328e+03,0.3285e+02,0.4042e+01,0.9799e+01,
0.3950e+01,0.1420e+03,0.3446e+02,0.4120e+01,0.1025e+02,
0.4000e+01,0.1518e+03,0.3615e+02,0.4200e+01,0.1072e+02,
0.4050e+01,0.1623e+03,0.3791e+02,0.4280e+01,0.1121e+02,
0.4100e+01,0.1733e+03,0.3974e+02,0.4362e+01,0.1171e+02,
0.4150e+01,0.1851e+03,0.4164e+02,0.4444e+01,0.1224e+02,
0.4200e+01,0.1975e+03,0.4363e+02,0.4528e+01,0.1279e+02,
0.4250e+01,0.2108e+03,0.4569e+02,0.4612e+01,0.1336e+02,
0.4300e+01,0.2247e+03,0.4784e+02,0.4698e+01,0.1395e+02,
0.4350e+01,0.2396e+03,0.5007e+02,0.4784e+01,0.1457e+02,
0.4400e+01,0.2553e+03,0.5239e+02,0.4872e+01,0.1521e+02,
0.4450e+01,0.2719e+03,0.5480e+02,0.4960e+01,0.1587e+02,
0.4500e+01,0.2894e+03,0.5731e+02,0.5050e+01,0.1656e+02,
0.4550e+01,0.3080e+03,0.5991e+02,0.5140e+01,0.1728e+02,
0.4600e+01,0.3276e+03,0.6261e+02,0.5232e+01,0.1802e+02,
0.4650e+01,0.3483e+03,0.6542e+02,0.5324e+01,0.1879e+02,
0.4700e+01,0.3702e+03,0.6833e+02,0.5418e+01,0.1958e+02,
0.4750e+01,0.3933e+03,0.7135e+02,0.5512e+01,0.2041e+02,
0.4800e+01,0.4177e+03,0.7448e+02,0.5608e+01,0.2126e+02,
0.4850e+01,0.4434e+03,0.7772e+02,0.5704e+01,0.2215e+02,
0.4900e+01,0.4705e+03,0.8109e+02,0.5802e+01,0.2307e+02,
0.4950e+01,0.4990e+03,0.8457e+02,0.5900e+01,0.2402e+02,
0.5000e+01,0.5291e+03,0.8818e+02,0.6000e+01,0.2500e+02,
0.5100e+01,0.5941e+03,0.9579e+02,0.6202e+01,0.2707e+02,
0.5200e+01,0.6661e+03,0.1039e+03,0.6408e+01,0.2928e+02,
0.5300e+01,0.7457e+03,0.1127e+03,0.6618e+01,0.3165e+02,
0.5400e+01,0.8335e+03,0.1220e+03,0.6832e+01,0.3417e+02,
0.5500e+01,0.9304e+03,0.1320e+03,0.7050e+01,0.3687e+02,
0.5600e+01,0.1037e+04,0.1426e+03,0.7272e+01,0.3974e+02,
0.5700e+01,0.1154e+04,0.1539e+03,0.7498e+01,0.4280e+02,
0.5800e+01,0.1283e+04,0.1660e+03,0.7728e+01,0.4605e+02,
0.5900e+01,0.1424e+04,0.1789e+03,0.7962e+01,0.4951e+02,
0.6000e+01,0.1579e+04,0.1925e+03,0.8200e+01,0.5318e+02,
0.6100e+01,0.1748e+04,0.2071e+03,0.8442e+01,0.5708e+02,
0.6200e+01,0.1933e+04,0.2225e+03,0.8688e+01,0.6121e+02,
0.6300e+01,0.2135e+04,0.2388e+03,0.8938e+01,0.6559e+02,
0.6400e+01,0.2355e+04,0.2562e+03,0.9192e+01,0.7023e+02,
0.6500e+01,0.2594e+04,0.2745e+03,0.9450e+01,0.7513e+02,
0.6600e+01,0.2855e+04,0.2939e+03,0.9712e+01,0.8032e+02,
0.6700e+01,0.3138e+04,0.3145e+03,0.9978e+01,0.8580e+02,
0.6800e+01,0.3445e+04,0.3362e+03,0.1025e+02,0.9159e+02,
0.6900e+01,0.3779e+04,0.3591e+03,0.1052e+02,0.9770e+02,
0.7000e+01,0.4140e+04,0.3833e+03,0.1080e+02,0.1041e+03,
0.7100e+01,0.4531e+04,0.4088e+03,0.1108e+02,0.1109e+03,
0.7200e+01,0.4953e+04,0.4357e+03,0.1137e+02,0.1181e+03,
0.7300e+01,0.5410e+04,0.4640e+03,0.1166e+02,0.1256e+03,
0.7400e+01,0.5903e+04,0.4939e+03,0.1195e+02,0.1335e+03,
0.7500e+01,0.6434e+04,0.5252e+03,0.1225e+02,0.1418e+03,
0.7600e+01,0.7006e+04,0.5582e+03,0.1255e+02,0.1506e+03,
0.7700e+01,0.7623e+04,0.5928e+03,0.1286e+02,0.1598e+03,
0.7800e+01,0.8285e+04,0.6292e+03,0.1317e+02,0.1694e+03,
0.7900e+01,0.8998e+04,0.6674e+03,0.1348e+02,0.1795e+03,
0.8000e+01,0.9763e+04,0.7075e+03,0.1380e+02,0.1901e+03,
0.9000e+01,0.2110e+05,0.1227e+04,0.1720e+02,0.3272e+03,
0.1000e+02,0.4244e+05,0.2021e+04,0.2100e+02,0.5359e+03,
0.1100e+02,0.8033e+05,0.3188e+04,0.2520e+02,0.8419e+03,
0.1200e+02,0.1445e+06,0.4848e+04,0.2980e+02,0.1276e+04,
0.1300e+02,0.2486e+06,0.7144e+04,0.3480e+02,0.1876e+04,
0.1400e+02,0.4119e+06,0.1025e+05,0.4020e+02,0.2685e+04,
0.1500e+02,0.6602e+06,0.1435e+05,0.4600e+02,0.3755e+04,
0.1600e+02,0.1028e+07,0.1969e+05,0.5229e+02,0.5145e+04,
0.1700e+02,0.1559e+07,0.2651e+05,0.5880e+02,0.6921e+04,
0.1800e+02,0.2311e+07,0.3512e+05,0.6580e+02,0.9159e+04,
0.1900e+02,0.3356e+07,0.4584e+05,0.7320e+02,0.1195e+05,
0.2000e+02,0.4783e+07,0.5905e+05,0.8100e+02,0.1538e+05,
0.2200e+02,0.9251e+07,0.9459e+05,0.9780e+02,0.2461e+05,
0.2400e+02,0.1691e+08,0.1456e+06,0.1162e+03,0.3783e+05,
0.2600e+02,0.2949e+08,0.2165e+06,0.1362e+03,0.5624e+05,
0.2800e+02,0.4936e+08,0.3128e+06,0.1578e+03,0.8121e+05,
0.3000e+02,0.7978e+08,0.4408e+06,0.1810e+03,0.1144e+06,
0.3200e+02,0.1250e+09,0.6076e+06,0.2058e+03,0.1576e+06,
0.3400e+02,0.1908e+09,0.8216e+06,0.2322e+03,0.2131e+06,
0.3600e+02,0.2842e+09,0.1092e+07,0.2602e+03,0.2832e+06,
0.3800e+02,0.4143e+09,0.1430e+07,0.2898e+03,0.3707e+06,
0.4000e+02,0.5926e+09,0.1846e+07,0.3210e+03,0.4785e+06,
0.4200e+02,0.8330e+09,0.2354e+07,0.3538e+03,0.6102e+06,
0.4400e+02,0.1153e+10,0.2969e+07,0.3882e+03,0.7694e+06,
0.4600e+02,0.1572e+10,0.3706e+07,0.4242e+03,0.9603e+06,
0.4800e+02,0.2116e+10,0.4583e+07,0.4618e+03,0.1187e+07,
0.5000e+02,0.2815e+10,0.5618e+07,0.5010e+03,0.1455e+07